edge,count,occupancy_mean
-1182936853,203,17.599999999999998
-1183449794,67,44.4
-13831317#2.34,121,43.3
-14811373#0,11,1.8
-14811383#2,223,21.1
-202157700#5,593,32.4
-202157703,476,27.400000000000002
-202234344,949,63.8
-237921040,1373,21.8
-25563346#2,42,9.4
-26202222#0.41,430,46.4
-30329931#2,736,60.3
202157700#3,488,16.3
202234068#0,650,32.8
237921036.41,587,32.46666666666667
26202222#0,323,14.4
75642281,439,19.5
