type,begin,end,location,from_edge,to_edge,relation_tuple,measured_count,simulated_count,deficit,underflow,GEH
edge,0.0,3600.0,-237921040,-237921040,,"('-237921040',)",1098.0,872.0,226.0,True,7.200958763011977
edge,0.0,3600.0,-14811383#2,-14811383#2,,"('-14811383#2',)",177.0,96.0,81.0,True,6.932959978676789
edge,0.0,3600.0,-13831317#2,-13831317#2,,"('-13831317#2',)",179.0,102.0,77.0,True,6.496097925387806
edge,0.0,3600.0,26202222#0,26202222#0,,"('26202222#0',)",260.0,223.0,37.0,True,2.3809109727248114
edge,0.0,3600.0,-202157700#5,-202157700#5,,"('-202157700#5',)",463.0,442.0,21.0,True,0.9872110389167638
